Model,R2,MAE,RMSE
Linear Regression,-35.77504447100848,1.6326806437359107,1.905580246097466
Random Forest,-1.6381298082726539,0.4186493307839388,0.5103859603552244
